"HITId","HITTypeId","Title","Description","Keywords","Reward","CreationTime","MaxAssignments","RequesterAnnotation","AssignmentDurationInSeconds","AutoApprovalDelayInSeconds","Expiration","NumberOfSimilarHITs","LifetimeInSeconds","AssignmentId","WorkerId","AssignmentStatus","AcceptTime","SubmitTime","AutoApprovalTime","ApprovalTime","RejectionTime","RequesterFeedback","WorkTimeInSeconds","LifetimeApprovalRate","Last30DaysApprovalRate","Last7DaysApprovalRate","Input.conversation","Answer.relevance.label","Approve","Reject"
"362E9TQF2HR46XY5MWFAOB5UB3FIGK","3KTAGXQO2Y6E2JXCGR52M7DZ3PKKGH","Are these tweets related to Franz Kafka the author or Apache Kafka the open source software system?","Tweet classification","twitter, classification, kafka","$0.05","Wed Jul 14 16:20:31 PDT 2021","1","BatchId:4504335;OriginalHitTemplateId:928390850;","3600","604800","Fri Jul 16 16:20:31 PDT 2021","","","369J354OFDBQ0X1YAXBMGSBCY796G2","AOTSBJGYMR4N8","Submitted","Wed Jul 14 16:21:10 PDT 2021","Wed Jul 14 16:21:29 PDT 2021","Wed Jul 21 16:21:29 PDT 2021","","","","19","0% (0/0)","0% (0/0)","0% (0/0)","@melcochaaa La obra de Franz Kafka","Franz Kafka"
"363A7XIFV4N8IC52Z3MJ7EKLLAYAVX","3KTAGXQO2Y6E2JXCGR52M7DZ3PKKGH","Are these tweets related to Franz Kafka the author or Apache Kafka the open source software system?","Tweet classification","twitter, classification, kafka","$0.05","Wed Jul 14 16:20:31 PDT 2021","1","BatchId:4504335;OriginalHitTemplateId:928390850;","3600","604800","Fri Jul 16 16:20:31 PDT 2021","","","34YB12FSQYPSP0MQXDI35O8YO7OMGS","A3OZ8KF0HWSVWK","Submitted","Wed Jul 14 16:23:30 PDT 2021","Wed Jul 14 16:24:34 PDT 2021","Wed Jul 21 16:24:34 PDT 2021","","","","64","0% (0/0)","0% (0/0)","0% (0/0)","Kafka yine haklı çıktı ""az eşya, az insan, çok huzur.""","Franz Kafka"
"3O2Y2UIUCQVPYSSYBFU4J6KV2S4FKT","3KTAGXQO2Y6E2JXCGR52M7DZ3PKKGH","Are these tweets related to Franz Kafka the author or Apache Kafka the open source software system?","Tweet classification","twitter, classification, kafka","$0.05","Wed Jul 14 16:20:31 PDT 2021","1","BatchId:4504335;OriginalHitTemplateId:928390850;","3600","604800","Fri Jul 16 16:20:31 PDT 2021","","","34S9DKFK73QYT9SQ3KJ9P342YTNYN1","A1IHI23KH87K5W","Submitted","Wed Jul 14 16:21:12 PDT 2021","Wed Jul 14 16:22:37 PDT 2021","Wed Jul 21 16:22:37 PDT 2021","","","","85","0% (0/0)","0% (0/0)","0% (0/0)","RT @feveranha: “Kötü, iyiyi tanır ama iyi kötüyü tanımaz.”  || Franz Kafka","Franz Kafka"
"3087LXLJ6MHNL2LU7MKM0M5MOUY0F8","3KTAGXQO2Y6E2JXCGR52M7DZ3PKKGH","Are these tweets related to Franz Kafka the author or Apache Kafka the open source software system?","Tweet classification","twitter, classification, kafka","$0.05","Wed Jul 14 16:20:31 PDT 2021","1","BatchId:4504335;OriginalHitTemplateId:928390850;","3600","604800","Fri Jul 16 16:20:31 PDT 2021","","","3ZPPDN2SLVXFY27529OA0ZH2BS29EZ","A1XCX1KI3XRPRZ","Submitted","Wed Jul 14 16:22:18 PDT 2021","Wed Jul 14 16:23:59 PDT 2021","Wed Jul 21 16:23:59 PDT 2021","","","","101","0% (0/0)","0% (0/0)","0% (0/0)","RT @CatatonicIi: Kafka yine haklı çıktı ""az eşya, az insan, çok huzur.""","Franz Kafka"
"324N5FAHSXCEUPEOBUZ81SNHQMSKVM","3KTAGXQO2Y6E2JXCGR52M7DZ3PKKGH","Are these tweets related to Franz Kafka the author or Apache Kafka the open source software system?","Tweet classification","twitter, classification, kafka","$0.05","Wed Jul 14 16:20:31 PDT 2021","1","BatchId:4504335;OriginalHitTemplateId:928390850;","3600","604800","Fri Jul 16 16:20:31 PDT 2021","","","3A0EX8ZRN8PWS03T0UE0Y848H49YBC","A2YZA00VJ8X6NQ","Submitted","Wed Jul 14 16:20:46 PDT 2021","Wed Jul 14 16:34:41 PDT 2021","Wed Jul 21 16:34:41 PDT 2021","","","","835","0% (0/0)","0% (0/0)","0% (0/0)","@bluntfistnova most kafkaesque windows feature. and windows is extremely obsessed with kafka","Franz Kafka"
"3MA5N0ATTCCR9EET1444NU6VXVUKWW","3KTAGXQO2Y6E2JXCGR52M7DZ3PKKGH","Are these tweets related to Franz Kafka the author or Apache Kafka the open source software system?","Tweet classification","twitter, classification, kafka","$0.05","Wed Jul 14 16:20:32 PDT 2021","1","BatchId:4504335;OriginalHitTemplateId:928390850;","3600","604800","Fri Jul 16 16:20:32 PDT 2021","","","3PPTZCWALQLJ1WFNFYD974899YFQZ8","A2QOQF90L2WREO","Submitted","Wed Jul 14 16:23:00 PDT 2021","Wed Jul 14 16:23:26 PDT 2021","Wed Jul 21 16:23:26 PDT 2021","","","","26","0% (0/0)","0% (0/0)","0% (0/0)","RT @autherok: Franz Kafka’nın da dediği gibi ‘’pek çok şeyin bambaşka olmasını isterdim.’’","Franz Kafka"
"3P6ENY9P79XI6TTG62XS9BHVQ3SIHJ","3KTAGXQO2Y6E2JXCGR52M7DZ3PKKGH","Are these tweets related to Franz Kafka the author or Apache Kafka the open source software system?","Tweet classification","twitter, classification, kafka","$0.05","Wed Jul 14 16:20:32 PDT 2021","1","BatchId:4504335;OriginalHitTemplateId:928390850;","3600","604800","Fri Jul 16 16:20:32 PDT 2021","","","3AMYWKA6YBNESAIWYGOUL1KEPT06OP","A1IHI23KH87K5W","Submitted","Wed Jul 14 16:21:21 PDT 2021","Wed Jul 14 16:23:49 PDT 2021","Wed Jul 21 16:23:49 PDT 2021","","","","148","0% (0/0)","0% (0/0)","0% (0/0)","@DMartinCampbell @LynchFoundation Kafka has so many good ones but this one is soooo perfect.","Unkown"
"3TL87MO8CMQ0IYAGWF65Y6XARS9FLW","3KTAGXQO2Y6E2JXCGR52M7DZ3PKKGH","Are these tweets related to Franz Kafka the author or Apache Kafka the open source software system?","Tweet classification","twitter, classification, kafka","$0.05","Wed Jul 14 16:20:32 PDT 2021","1","BatchId:4504335;OriginalHitTemplateId:928390850;","3600","604800","Fri Jul 16 16:20:32 PDT 2021","","","34Q075JO1XEYI7PGQPA204XFJF410W","A1E77HZO63E334","Submitted","Wed Jul 14 16:21:26 PDT 2021","Wed Jul 14 16:23:52 PDT 2021","Wed Jul 21 16:23:52 PDT 2021","","","","146","0% (0/0)","0% (0/0)","0% (0/0)","RT @autherok: Franz Kafka’nın da dediği gibi ‘’pek çok şeyin bambaşka olmasını isterdim.’’","Franz Kafka"
"3HRWUH63QU3Y41KC2G9BPMAM7TV5N5","3KTAGXQO2Y6E2JXCGR52M7DZ3PKKGH","Are these tweets related to Franz Kafka the author or Apache Kafka the open source software system?","Tweet classification","twitter, classification, kafka","$0.05","Wed Jul 14 16:20:32 PDT 2021","1","BatchId:4504335;OriginalHitTemplateId:928390850;","3600","604800","Fri Jul 16 16:20:32 PDT 2021","","","3RSDURM96ANUZ3FDALGQZGATK1MYEC","AIQB7XXL5K2FR","Submitted","Wed Jul 14 16:21:17 PDT 2021","Wed Jul 14 16:21:27 PDT 2021","Wed Jul 21 16:21:27 PDT 2021","","","","10","0% (0/0)","0% (0/0)","0% (0/0)","RT @alepholo: La obra de Kafka es la de un místico (la Ley, es ese orden perfecto, cabalístico, de la realidad). Pero es la de un místico q…","Franz Kafka"
"3WRAAIUSBJ00M1AXZIN1VZH61L6AX0","3KTAGXQO2Y6E2JXCGR52M7DZ3PKKGH","Are these tweets related to Franz Kafka the author or Apache Kafka the open source software system?","Tweet classification","twitter, classification, kafka","$0.05","Wed Jul 14 16:20:32 PDT 2021","1","BatchId:4504335;OriginalHitTemplateId:928390850;","3600","604800","Fri Jul 16 16:20:32 PDT 2021","","","3AQF3RZ558JKMX53ZD54Y7B0XS96F3","A1IHI23KH87K5W","Submitted","Wed Jul 14 16:21:09 PDT 2021","Wed Jul 14 16:22:11 PDT 2021","Wed Jul 21 16:22:11 PDT 2021","","","","62","0% (0/0)","0% (0/0)","0% (0/0)","RT @asklakalanlar: ""Her düşlediğini yapamıyor insan, her düş çiçek açmıyor.""  Franz Kafka","Franz Kafka"
"3E9VAUV7BWFPM6074E93EDOF3R0AY6","3KTAGXQO2Y6E2JXCGR52M7DZ3PKKGH","Are these tweets related to Franz Kafka the author or Apache Kafka the open source software system?","Tweet classification","twitter, classification, kafka","$0.05","Wed Jul 14 16:20:32 PDT 2021","1","BatchId:4504335;OriginalHitTemplateId:928390850;","3600","604800","Fri Jul 16 16:20:32 PDT 2021","","","3WQ3B2KGE8HZ2USQO57RKLTYAJ1B1S","A3O0NNIW4KA2PV","Submitted","Wed Jul 14 16:21:17 PDT 2021","Wed Jul 14 16:22:53 PDT 2021","Wed Jul 21 16:22:53 PDT 2021","","","","96","0% (0/0)","0% (0/0)","0% (0/0)","RT @ArandaJaka: Reflexionar muy serenamente, es mejor que tomar decisiones desesperadas. -La Metamorfosis, Franz Kafka #desesperacion #sere…","Franz Kafka"
"3MJ28H2Y1E9GMMKO3V9O4BARX305OK","3KTAGXQO2Y6E2JXCGR52M7DZ3PKKGH","Are these tweets related to Franz Kafka the author or Apache Kafka the open source software system?","Tweet classification","twitter, classification, kafka","$0.05","Wed Jul 14 16:20:32 PDT 2021","1","BatchId:4504335;OriginalHitTemplateId:928390850;","3600","604800","Fri Jul 16 16:20:32 PDT 2021","","","36U2A8VAG10XL37N67RTXBNY4YJKYJ","A1IHI23KH87K5W","Submitted","Wed Jul 14 16:21:17 PDT 2021","Wed Jul 14 16:23:24 PDT 2021","Wed Jul 21 16:23:24 PDT 2021","","","","127","0% (0/0)","0% (0/0)","0% (0/0)","RT @MaviKar49: ""Ki sen bu isen, Özür dilerim. Bilmeden SEVDİM.."" ... ~Franz Kafka Günaydın  https://t.co/5NMja7DcRy","Franz Kafka"
"3WRBLBQ2GR9TZ2HPI6Q4I75YP9Y0G7","3KTAGXQO2Y6E2JXCGR52M7DZ3PKKGH","Are these tweets related to Franz Kafka the author or Apache Kafka the open source software system?","Tweet classification","twitter, classification, kafka","$0.05","Wed Jul 14 16:20:32 PDT 2021","1","BatchId:4504335;OriginalHitTemplateId:928390850;","3600","604800","Fri Jul 16 16:20:32 PDT 2021","","","39KFRKBFINWGBUS24ZJM4S47O3SYOG","A2BZY06YRWGEDL","Submitted","Wed Jul 14 16:21:12 PDT 2021","Wed Jul 14 16:22:27 PDT 2021","Wed Jul 21 16:22:27 PDT 2021","","","","75","0% (0/0)","0% (0/0)","0% (0/0)","RT @28sokak: Franz Kafka’nın da dediği gibi ‘’pek çok şeyin bambaşka olmasını isterdim.’’","Franz Kafka"
"3XUSYT70IT2QNI7YGGPWCM21CHID0A","3KTAGXQO2Y6E2JXCGR52M7DZ3PKKGH","Are these tweets related to Franz Kafka the author or Apache Kafka the open source software system?","Tweet classification","twitter, classification, kafka","$0.05","Wed Jul 14 16:20:32 PDT 2021","1","BatchId:4504335;OriginalHitTemplateId:928390850;","3600","604800","Fri Jul 16 16:20:32 PDT 2021","","","3VE8AYVF8MY7QBORSS22IL7R3NZ8FR","A2G4VLKCRDEAST","Submitted","Wed Jul 14 16:21:09 PDT 2021","Wed Jul 14 16:23:14 PDT 2021","Wed Jul 21 16:23:14 PDT 2021","","","","125","0% (0/0)","0% (0/0)","0% (0/0)","RT @asklakalanlar: ""Her düşlediğini yapamıyor insan, her düş çiçek açmıyor.""  Franz Kafka","Franz Kafka"
"3EPG8DX9LKRY7MWPIVM3TBFH78W5P1","3KTAGXQO2Y6E2JXCGR52M7DZ3PKKGH","Are these tweets related to Franz Kafka the author or Apache Kafka the open source software system?","Tweet classification","twitter, classification, kafka","$0.05","Wed Jul 14 16:20:32 PDT 2021","1","BatchId:4504335;OriginalHitTemplateId:928390850;","3600","604800","Fri Jul 16 16:20:32 PDT 2021","","","33CUSNVVNNDYBWE4KEWW8TQ5GJM88A","A1E77HZO63E334","Submitted","Wed Jul 14 16:21:57 PDT 2021","Wed Jul 14 16:23:54 PDT 2021","Wed Jul 21 16:23:54 PDT 2021","","","","117","0% (0/0)","0% (0/0)","0% (0/0)","RT @bleupoem: “It’s just that I belong in the quietest quiet, that’s what’s right for me.” — Franz Kafka, in a letter to Milena","Franz Kafka"
"3N7PQ0KLI5QRWGKVVYIZK2ITF533EO","3KTAGXQO2Y6E2JXCGR52M7DZ3PKKGH","Are these tweets related to Franz Kafka the author or Apache Kafka the open source software system?","Tweet classification","twitter, classification, kafka","$0.05","Wed Jul 14 16:20:32 PDT 2021","1","BatchId:4504335;OriginalHitTemplateId:928390850;","3600","604800","Fri Jul 16 16:20:32 PDT 2021","","","31UV0MXWNQD8DK7FV21K9YASHPQI5Q","A1IHI23KH87K5W","Submitted","Wed Jul 14 16:21:13 PDT 2021","Wed Jul 14 16:22:51 PDT 2021","Wed Jul 21 16:22:51 PDT 2021","","","","98","0% (0/0)","0% (0/0)","0% (0/0)","If you can’t tell, I’m a sucker for maps and topography.  #Poet @treyismoody on memorable landscapes, understanding Kafka, and silence in his #10Questions:  https://t.co/fEXwtU0o6M https://t.co/PPItGJ6Ogi","Franz Kafka"
"3VO4XFFP15NYU2BN61GPR0JN3AD7Q9","3KTAGXQO2Y6E2JXCGR52M7DZ3PKKGH","Are these tweets related to Franz Kafka the author or Apache Kafka the open source software system?","Tweet classification","twitter, classification, kafka","$0.05","Wed Jul 14 16:20:32 PDT 2021","1","BatchId:4504335;OriginalHitTemplateId:928390850;","3600","604800","Fri Jul 16 16:20:32 PDT 2021","","","3R3YRB5GRF4ASHEWKFHF0CEP3YEAUW","A3O0NNIW4KA2PV","Submitted","Wed Jul 14 16:21:47 PDT 2021","Wed Jul 14 16:23:37 PDT 2021","Wed Jul 21 16:23:37 PDT 2021","","","","110","0% (0/0)","0% (0/0)","0% (0/0)","RT @RillData: Are you using @kafkastreams? Join us for a virtual meetup on July 15 (5pm ET / 2pm PT). @nbuesing will take you behind the cu…","Apache Kafka"
"3SSN80MU8CP6YEJJB90QPDK26X0KXP","3KTAGXQO2Y6E2JXCGR52M7DZ3PKKGH","Are these tweets related to Franz Kafka the author or Apache Kafka the open source software system?","Tweet classification","twitter, classification, kafka","$0.05","Wed Jul 14 16:20:32 PDT 2021","1","BatchId:4504335;OriginalHitTemplateId:928390850;","3600","604800","Fri Jul 16 16:20:32 PDT 2021","","","3H7XDTSHKCSOUCG41FOQEMAPM92WGT","A1IHI23KH87K5W","Submitted","Wed Jul 14 16:23:30 PDT 2021","Wed Jul 14 16:24:32 PDT 2021","Wed Jul 21 16:24:32 PDT 2021","","","","62","0% (0/0)","0% (0/0)","0% (0/0)","@KAFKA_Dev @chrisklomp Aldus prof dr drs senior viroloog Kafka MA, gerenommeerd wetenschapper en bevoegd arbiter in wetenschappelijk geschillen.","Unkown"
"3CVDZS288H1KOGS1WR7KYJCZRXZFMY","3KTAGXQO2Y6E2JXCGR52M7DZ3PKKGH","Are these tweets related to Franz Kafka the author or Apache Kafka the open source software system?","Tweet classification","twitter, classification, kafka","$0.05","Wed Jul 14 16:20:32 PDT 2021","1","BatchId:4504335;OriginalHitTemplateId:928390850;","3600","604800","Fri Jul 16 16:20:32 PDT 2021","","","3AUQQEL7U5UE4J5EX3UR7S4V8JB0VK","A2BZY06YRWGEDL","Submitted","Wed Jul 14 16:21:18 PDT 2021","Wed Jul 14 16:22:37 PDT 2021","Wed Jul 21 16:22:37 PDT 2021","","","","79","0% (0/0)","0% (0/0)","0% (0/0)","RT @ArandaJaka: Reflexionar muy serenamente, es mejor que tomar decisiones desesperadas. -La Metamorfosis, Franz Kafka #desesperacion #sere…","Franz Kafka"
"3TKXBROM5TBEXZO6U20DLOXA3VWIJO","3KTAGXQO2Y6E2JXCGR52M7DZ3PKKGH","Are these tweets related to Franz Kafka the author or Apache Kafka the open source software system?","Tweet classification","twitter, classification, kafka","$0.05","Wed Jul 14 16:20:32 PDT 2021","1","BatchId:4504335;OriginalHitTemplateId:928390850;","3600","604800","Fri Jul 16 16:20:32 PDT 2021","","","345LHZDEDXTA8WFBB025D40JXOM3UT","AM1E7PPJ01L03","Submitted","Wed Jul 14 16:21:19 PDT 2021","Wed Jul 14 16:21:53 PDT 2021","Wed Jul 21 16:21:53 PDT 2021","","","","34","0% (0/0)","0% (0/0)","0% (0/0)","9 juillet 1912, Franz Kafka : «Rien écrit depuis si longtemps. Commencer demain. Sinon j’arrive dans un irrésistible mécontentement qui s’étend; j’y suis d’ailleurs déjà. Les accès de nervosité commencent.» 1/2","Franz Kafka"
"3AA88CN98P4VYJ9TG5MS8RRB83UKYV","3KTAGXQO2Y6E2JXCGR52M7DZ3PKKGH","Are these tweets related to Franz Kafka the author or Apache Kafka the open source software system?","Tweet classification","twitter, classification, kafka","$0.05","Wed Jul 14 16:20:33 PDT 2021","1","BatchId:4504335;OriginalHitTemplateId:928390850;","3600","604800","Fri Jul 16 16:20:33 PDT 2021","","","3Y9N9SS8LYCORU4PP5CG34WVBOR3DJ","A2G44A4ZPWRPXU","Submitted","Wed Jul 14 16:21:05 PDT 2021","Wed Jul 14 16:21:30 PDT 2021","Wed Jul 21 16:21:30 PDT 2021","","","","25","0% (0/0)","0% (0/0)","0% (0/0)","RT @EspeRF20: Me avergoncé de mí mismo cuando me di cuenta de que la vida era una fiesta de disfraces; ¡y yo asistí con mi rostro real!""…","Unkown"
"3WUVMVA7OB4PRWAC00BMSKXH9L4AZX","3KTAGXQO2Y6E2JXCGR52M7DZ3PKKGH","Are these tweets related to Franz Kafka the author or Apache Kafka the open source software system?","Tweet classification","twitter, classification, kafka","$0.05","Wed Jul 14 16:20:33 PDT 2021","1","BatchId:4504335;OriginalHitTemplateId:928390850;","3600","604800","Fri Jul 16 16:20:33 PDT 2021","","","3HPZF4IVNMUF25VZEUAV9SAQZP9YCJ","A3TNLC6XGYNDKS","Submitted","Wed Jul 14 16:20:46 PDT 2021","Wed Jul 14 16:26:08 PDT 2021","Wed Jul 21 16:26:08 PDT 2021","","","","322","0% (0/0)","0% (0/0)","0% (0/0)","RT @CryptoCred: $BTC  One of my favourite signs of reversal is a higher high after a lower low.  It's a slower / more conservative signal,…","Unkown"
"3K3G488TR29J7YX4I81STG5RC4I5QS","3KTAGXQO2Y6E2JXCGR52M7DZ3PKKGH","Are these tweets related to Franz Kafka the author or Apache Kafka the open source software system?","Tweet classification","twitter, classification, kafka","$0.05","Wed Jul 14 16:20:33 PDT 2021","1","BatchId:4504335;OriginalHitTemplateId:928390850;","3600","604800","Fri Jul 16 16:20:33 PDT 2021","","","37C0GNLMHF4NODR787AEA78FLFT6DS","ADJU30SAWALKJ","Submitted","Wed Jul 14 16:21:47 PDT 2021","Wed Jul 14 16:23:46 PDT 2021","Wed Jul 21 16:23:46 PDT 2021","","","","119","0% (0/0)","0% (0/0)","0% (0/0)","RT @mocikat: Si soy!!!","Apache Kafka"
"3SV8KD29L4TV39JYCROBMY0DEXYKZM","3KTAGXQO2Y6E2JXCGR52M7DZ3PKKGH","Are these tweets related to Franz Kafka the author or Apache Kafka the open source software system?","Tweet classification","twitter, classification, kafka","$0.05","Wed Jul 14 16:20:33 PDT 2021","1","BatchId:4504335;OriginalHitTemplateId:928390850;","3600","604800","Fri Jul 16 16:20:33 PDT 2021","","","3SPJ03342142AJ15OMRHWWNLP9IYJX","A3O0NNIW4KA2PV","Submitted","Wed Jul 14 16:21:06 PDT 2021","Wed Jul 14 16:22:23 PDT 2021","Wed Jul 21 16:22:23 PDT 2021","","","","77","0% (0/0)","0% (0/0)","0% (0/0)","@Mikel_Jollett Gaslighting. Kafka trapping. “How dare you play victim while you and your children are psychologically abused by media, academia, and the Democrats, Nazi! We’re the victims of your Nazism!” You’re a repulsive moron. Get bent you had been.","Franz Kafka"
"31MCUE39BKNPGUGM1T8NK535SLI3G5","3KTAGXQO2Y6E2JXCGR52M7DZ3PKKGH","Are these tweets related to Franz Kafka the author or Apache Kafka the open source software system?","Tweet classification","twitter, classification, kafka","$0.05","Wed Jul 14 16:20:33 PDT 2021","1","BatchId:4504335;OriginalHitTemplateId:928390850;","3600","604800","Fri Jul 16 16:20:33 PDT 2021","","","3Z3ZLGNNSIVIG38UURI0333UU3G3QO","A2BZY06YRWGEDL","Submitted","Wed Jul 14 16:21:16 PDT 2021","Wed Jul 14 16:22:32 PDT 2021","Wed Jul 21 16:22:32 PDT 2021","","","","76","0% (0/0)","0% (0/0)","0% (0/0)","Söyleyecek çok şey vardı ama söylememeye karar verdim.  Franz Kafka","Franz Kafka"
"31KPKEKW4AEX8L9E2KYQHWE19W6B01","3KTAGXQO2Y6E2JXCGR52M7DZ3PKKGH","Are these tweets related to Franz Kafka the author or Apache Kafka the open source software system?","Tweet classification","twitter, classification, kafka","$0.05","Wed Jul 14 16:20:33 PDT 2021","1","BatchId:4504335;OriginalHitTemplateId:928390850;","3600","604800","Fri Jul 16 16:20:33 PDT 2021","","","3DUZQ9U6SMPE5SPQ65DBHYAE3BTVS1","A3O0NNIW4KA2PV","Submitted","Wed Jul 14 16:21:01 PDT 2021","Wed Jul 14 16:21:45 PDT 2021","Wed Jul 21 16:21:45 PDT 2021","","","","44","0% (0/0)","0% (0/0)","0% (0/0)","RT @MassReview: ""If you can’t tell, I’m a sucker for maps and topography.""  #Poet @treyismoody on memorable landscapes, understanding Kafka…","Franz Kafka"
"3WGCNLZJKF9QU7SGCZTWQRLBH9OD1D","3KTAGXQO2Y6E2JXCGR52M7DZ3PKKGH","Are these tweets related to Franz Kafka the author or Apache Kafka the open source software system?","Tweet classification","twitter, classification, kafka","$0.05","Wed Jul 14 16:20:33 PDT 2021","1","BatchId:4504335;OriginalHitTemplateId:928390850;","3600","604800","Fri Jul 16 16:20:33 PDT 2021","","","3S4AW7T80BJS72BL20FNWMW6YXPL42","A1IHI23KH87K5W","Submitted","Wed Jul 14 16:21:25 PDT 2021","Wed Jul 14 16:24:08 PDT 2021","Wed Jul 21 16:24:08 PDT 2021","","","","163","0% (0/0)","0% (0/0)","0% (0/0)","RT @jeongguknuna: Suggested / Read by BTS Life Lessons (SUGA) https://t.co/N5HZWKTizT Legendary Moonlight Sculptor (JM) https://t.co/sg9lMZ…","Unkown"
"3KQC8JMJGCT3GQBXLZQ555F67LV3H4","3KTAGXQO2Y6E2JXCGR52M7DZ3PKKGH","Are these tweets related to Franz Kafka the author or Apache Kafka the open source software system?","Tweet classification","twitter, classification, kafka","$0.05","Wed Jul 14 16:20:33 PDT 2021","1","BatchId:4504335;OriginalHitTemplateId:928390850;","3600","604800","Fri Jul 16 16:20:33 PDT 2021","","","32ZKVD547FOVCX65B9LA8E8V83FB3K","A3O0NNIW4KA2PV","Submitted","Wed Jul 14 16:21:20 PDT 2021","Wed Jul 14 16:23:08 PDT 2021","Wed Jul 21 16:23:08 PDT 2021","","","","108","0% (0/0)","0% (0/0)","0% (0/0)","RT @MassReview: ""If you can’t tell, I’m a sucker for maps and topography.""  #Poet @treyismoody on memorable landscapes, understanding Kafka…","Franz Kafka"
"3JVP4ZJHDPT7VTNK8UQ73JIE4MQ0IZ","3KTAGXQO2Y6E2JXCGR52M7DZ3PKKGH","Are these tweets related to Franz Kafka the author or Apache Kafka the open source software system?","Tweet classification","twitter, classification, kafka","$0.05","Wed Jul 14 16:20:33 PDT 2021","1","BatchId:4504335;OriginalHitTemplateId:928390850;","3600","604800","Fri Jul 16 16:20:33 PDT 2021","","","34YB12FSQYPSP0MQXDI35O8YO7OGMM","A41IPBF6AJGI9","Submitted","Wed Jul 14 16:21:26 PDT 2021","Wed Jul 14 16:21:41 PDT 2021","Wed Jul 21 16:21:41 PDT 2021","","","","15","0% (0/0)","0% (0/0)","0% (0/0)","RT @Siir_Sokaktadir: ""Her düşlediğini yapamıyor insan, her düş çiçek açmıyor.""  Franz Kafka","Franz Kafka"
"3J9UN9O9J3T3Q47QQCB7FKXEH1F0JB","3KTAGXQO2Y6E2JXCGR52M7DZ3PKKGH","Are these tweets related to Franz Kafka the author or Apache Kafka the open source software system?","Tweet classification","twitter, classification, kafka","$0.05","Wed Jul 14 16:20:33 PDT 2021","1","BatchId:4504335;OriginalHitTemplateId:928390850;","3600","604800","Fri Jul 16 16:20:33 PDT 2021","","","32N49TQG3GJA5W3WP5RKWYG8H5NAVL","A3O0NNIW4KA2PV","Submitted","Wed Jul 14 16:21:04 PDT 2021","Wed Jul 14 16:22:09 PDT 2021","Wed Jul 21 16:22:09 PDT 2021","","","","65","0% (0/0)","0% (0/0)","0% (0/0)","Why #DataScientists and #ML Engineers Shouldn’t Worry About the Rise of #AutoML https://t.co/vh8NapzXLi #DataScience #MachineLearning #Deeplearning #ArtificialIntelligence #BigData #Cassandra #kafka #Hadoop #spark #NLP #NoSQL #IoT #tensorflow #Serverless #Kubernetes #GlobalAI #R","Apache Kafka"
"3OQQD2WO8I73CLMHRH8Q5HGL7YA3IX","3KTAGXQO2Y6E2JXCGR52M7DZ3PKKGH","Are these tweets related to Franz Kafka the author or Apache Kafka the open source software system?","Tweet classification","twitter, classification, kafka","$0.05","Wed Jul 14 16:20:33 PDT 2021","1","BatchId:4504335;OriginalHitTemplateId:928390850;","3600","604800","Fri Jul 16 16:20:33 PDT 2021","","","3X4JMASXCMAZV578SM3R6GAO5RVB0P","A1E77HZO63E334","Submitted","Wed Jul 14 16:21:13 PDT 2021","Wed Jul 14 16:22:15 PDT 2021","Wed Jul 21 16:22:15 PDT 2021","","","","62","0% (0/0)","0% (0/0)","0% (0/0)","RT @bigdataconf: Why #DataScientists and #ML Engineers Shouldn’t Worry About the Rise of #AutoML https://t.co/vh8NapzXLi #DataScience #Mach…","Apache Kafka"
"3Y3CZJSZ9KUJJZC4VNQSY6FW8QK5RT","3KTAGXQO2Y6E2JXCGR52M7DZ3PKKGH","Are these tweets related to Franz Kafka the author or Apache Kafka the open source software system?","Tweet classification","twitter, classification, kafka","$0.05","Wed Jul 14 16:20:33 PDT 2021","1","BatchId:4504335;OriginalHitTemplateId:928390850;","3600","604800","Fri Jul 16 16:20:33 PDT 2021","","","3TR2532VIPV0RZRZI3WPD53SQZQ6J6","A1E77HZO63E334","Submitted","Wed Jul 14 16:21:15 PDT 2021","Wed Jul 14 16:22:35 PDT 2021","Wed Jul 21 16:22:35 PDT 2021","","","","80","0% (0/0)","0% (0/0)","0% (0/0)","RT @MaviKar49: ""Ki sen bu isen, Özür dilerim. Bilmeden SEVDİM.."" ... ~Franz Kafka Günaydın  https://t.co/5NMja7DcRy","Franz Kafka"
"3O4VWC1GEW7Z7W6N9ZTQHIVLKDZ3J9","3KTAGXQO2Y6E2JXCGR52M7DZ3PKKGH","Are these tweets related to Franz Kafka the author or Apache Kafka the open source software system?","Tweet classification","twitter, classification, kafka","$0.05","Wed Jul 14 16:20:33 PDT 2021","1","BatchId:4504335;OriginalHitTemplateId:928390850;","3600","604800","Fri Jul 16 16:20:33 PDT 2021","","","3YHH42UU5BGB8ETKJZSLKJ6THL90L1","A1IHI23KH87K5W","Submitted","Wed Jul 14 16:21:08 PDT 2021","Wed Jul 14 16:22:03 PDT 2021","Wed Jul 21 16:22:03 PDT 2021","","","","55","0% (0/0)","0% (0/0)","0% (0/0)","@MarieFerdinand Se supone que el mejor escrito por él es Kafka en la orilla,  le siguen 1Q84 y Tokio Blues. Así que sí, ya has leído lo que a la mayoría les ha atrapado.","Franz Kafka"
"3YZ7A3YHR5UVKECHACQXOGKSUS35SH","3KTAGXQO2Y6E2JXCGR52M7DZ3PKKGH","Are these tweets related to Franz Kafka the author or Apache Kafka the open source software system?","Tweet classification","twitter, classification, kafka","$0.05","Wed Jul 14 16:20:33 PDT 2021","1","BatchId:4504335;OriginalHitTemplateId:928390850;","3600","604800","Fri Jul 16 16:20:33 PDT 2021","","","3Z7ISHFUH0WDVSFRT4W9LDN9FST8ZF","A2BZY06YRWGEDL","Submitted","Wed Jul 14 16:21:25 PDT 2021","Wed Jul 14 16:24:36 PDT 2021","Wed Jul 21 16:24:36 PDT 2021","","","","191","0% (0/0)","0% (0/0)","0% (0/0)","RT @bigdataconf: Why #DataScientists and #ML Engineers Shouldn’t Worry About the Rise of #AutoML https://t.co/vh8NapzXLi #DataScience #Mach…","Unkown"
"32PT7WK7DMGM4A6VZ37FEK08FT2D35","3KTAGXQO2Y6E2JXCGR52M7DZ3PKKGH","Are these tweets related to Franz Kafka the author or Apache Kafka the open source software system?","Tweet classification","twitter, classification, kafka","$0.05","Wed Jul 14 16:20:33 PDT 2021","1","BatchId:4504335;OriginalHitTemplateId:928390850;","3600","604800","Fri Jul 16 16:20:33 PDT 2021","","","3U8YCDAGXPHMZB9XB40H155NRRW0QQ","A2QVMCGDLTWV9","Submitted","Wed Jul 14 16:21:11 PDT 2021","Wed Jul 14 16:21:31 PDT 2021","Wed Jul 21 16:21:31 PDT 2021","","","","20","0% (0/0)","0% (0/0)","0% (0/0)","RT @SabahatttinAli: Bir noktadan sonra, geri dönüş yok. İşte tam o noktadayız.  Franz Kafka","Franz Kafka"
"3M0556243SLQ6YD18SMKBY1ZWN9FNY","3KTAGXQO2Y6E2JXCGR52M7DZ3PKKGH","Are these tweets related to Franz Kafka the author or Apache Kafka the open source software system?","Tweet classification","twitter, classification, kafka","$0.05","Wed Jul 14 16:20:33 PDT 2021","1","BatchId:4504335;OriginalHitTemplateId:928390850;","3600","604800","Fri Jul 16 16:20:33 PDT 2021","","","3KB8R4ZV1E8W69IT6OSUR8X4C8KGBX","A1E77HZO63E334","Submitted","Wed Jul 14 16:21:13 PDT 2021","Wed Jul 14 16:22:13 PDT 2021","Wed Jul 21 16:22:13 PDT 2021","","","","60","0% (0/0)","0% (0/0)","0% (0/0)","@YvonnedeMoor @KAFKA_Dev Wat Kafka doet met z'n ""misplaatste grappen"" is trollen. Het afkeurend reageren daarop is niet trollen. Dat mensen fel reageren op de berichten van Kafka is nét wat Kafka beoogt. Kafka voldoet aan de definitie van een trol. Of hanteer jij een andere definitie? https://t.co/RL8NWA3gXx","Apache Kafka"
"3UUIU9GZC56WZEPWZCVNYLGEWBH5T6","3KTAGXQO2Y6E2JXCGR52M7DZ3PKKGH","Are these tweets related to Franz Kafka the author or Apache Kafka the open source software system?","Tweet classification","twitter, classification, kafka","$0.05","Wed Jul 14 16:20:33 PDT 2021","1","BatchId:4504335;OriginalHitTemplateId:928390850;","3600","604800","Fri Jul 16 16:20:33 PDT 2021","","","39GXDJN2OTFWM8AHS77607ADRHN8VF","A41IPBF6AJGI9","Submitted","Wed Jul 14 16:21:26 PDT 2021","Wed Jul 14 16:21:46 PDT 2021","Wed Jul 21 16:21:46 PDT 2021","","","","20","0% (0/0)","0% (0/0)","0% (0/0)","@goodreads Letters to Felice by Franz Kafka","Franz Kafka"
"3RSBJ6YZECR8OJDD97MXQN14MXEFOD","3KTAGXQO2Y6E2JXCGR52M7DZ3PKKGH","Are these tweets related to Franz Kafka the author or Apache Kafka the open source software system?","Tweet classification","twitter, classification, kafka","$0.05","Wed Jul 14 16:20:33 PDT 2021","1","BatchId:4504335;OriginalHitTemplateId:928390850;","3600","604800","Fri Jul 16 16:20:33 PDT 2021","","","3X31TUMD7XNBF3E2FIWLYOP3MDFL1P","A2BZY06YRWGEDL","Submitted","Wed Jul 14 16:21:24 PDT 2021","Wed Jul 14 16:23:58 PDT 2021","Wed Jul 21 16:23:58 PDT 2021","","","","154","0% (0/0)","0% (0/0)","0% (0/0)","@gunnarmorling @apachekafka I mean as a first class citizen concept.","Apache Kafka"
"329E6HTMSW3UIGC5RKT2IXVYZ2Z3K8","3KTAGXQO2Y6E2JXCGR52M7DZ3PKKGH","Are these tweets related to Franz Kafka the author or Apache Kafka the open source software system?","Tweet classification","twitter, classification, kafka","$0.05","Wed Jul 14 16:20:33 PDT 2021","1","BatchId:4504335;OriginalHitTemplateId:928390850;","3600","604800","Fri Jul 16 16:20:33 PDT 2021","","","3FPRZHYEPY8ALB4BGQCA9Q22BVV3VI","A1E77HZO63E334","Submitted","Wed Jul 14 16:21:20 PDT 2021","Wed Jul 14 16:22:47 PDT 2021","Wed Jul 21 16:22:47 PDT 2021","","","","87","0% (0/0)","0% (0/0)","0% (0/0)","@BertMulder100 @mavisko87 @KAFKA_Dev Je hebt helemaal gelijk! Met slechts een beetje gezond verstand weet je dat je vooral niet naar Kafka moet luisteren. Hij besodemieterd iedereen.","Apache Kafka"
"37PGLWGSJT798JUOCN0PM3XNIKWIKN","3KTAGXQO2Y6E2JXCGR52M7DZ3PKKGH","Are these tweets related to Franz Kafka the author or Apache Kafka the open source software system?","Tweet classification","twitter, classification, kafka","$0.05","Wed Jul 14 16:20:34 PDT 2021","1","BatchId:4504335;OriginalHitTemplateId:928390850;","3600","604800","Fri Jul 16 16:20:34 PDT 2021","","","3CFJTT4SXTRN0OLYJVGH7IOO8VLI75","A1E77HZO63E334","Submitted","Wed Jul 14 16:21:16 PDT 2021","Wed Jul 14 16:22:22 PDT 2021","Wed Jul 21 16:22:22 PDT 2021","","","","66","0% (0/0)","0% (0/0)","0% (0/0)","RT @SoloCitasLibros: ""La avaricia es uno de los exponentes más claros del ser desgraciado""⠀ ⠀ 'Carta al padre', Franz Kafka  #Frases #Feliz…","Franz Kafka"
"35F6NGNVM8KBMI3FN5AKW5UANHC7TN","3KTAGXQO2Y6E2JXCGR52M7DZ3PKKGH","Are these tweets related to Franz Kafka the author or Apache Kafka the open source software system?","Tweet classification","twitter, classification, kafka","$0.05","Wed Jul 14 16:20:34 PDT 2021","1","BatchId:4504335;OriginalHitTemplateId:928390850;","3600","604800","Fri Jul 16 16:20:34 PDT 2021","","","3G5W44VEU7JXZCMNC15NQBGUZ2TGKH","A1E77HZO63E334","Submitted","Wed Jul 14 16:21:24 PDT 2021","Wed Jul 14 16:23:44 PDT 2021","Wed Jul 21 16:23:44 PDT 2021","","","","140","0% (0/0)","0% (0/0)","0% (0/0)","Kafka's metamorphosis but you wake up and you're a furry","Franz Kafka"
"3C8QQOM6JP2KSPC6XNCQ13A27K1ILQ","3KTAGXQO2Y6E2JXCGR52M7DZ3PKKGH","Are these tweets related to Franz Kafka the author or Apache Kafka the open source software system?","Tweet classification","twitter, classification, kafka","$0.05","Wed Jul 14 16:20:34 PDT 2021","1","BatchId:4504335;OriginalHitTemplateId:928390850;","3600","604800","Fri Jul 16 16:20:34 PDT 2021","","","3NG53N1RLVKJHODL6VY7UFLV5TM8PU","A1E77HZO63E334","Submitted","Wed Jul 14 16:21:15 PDT 2021","Wed Jul 14 16:22:33 PDT 2021","Wed Jul 21 16:22:33 PDT 2021","","","","78","0% (0/0)","0% (0/0)","0% (0/0)","Like everyone else in this amusing and very accurate thread, I'm unable to come up with a witty aphorism for German literature, created by such titans as Goethe, Schiller, Rilke, Kafka, and Brecht. Can anyone do it?","Franz Kafka"
"31J7RYECZLR9SJG8PGRK94TGQIQL11","3KTAGXQO2Y6E2JXCGR52M7DZ3PKKGH","Are these tweets related to Franz Kafka the author or Apache Kafka the open source software system?","Tweet classification","twitter, classification, kafka","$0.05","Wed Jul 14 16:20:34 PDT 2021","1","BatchId:4504335;OriginalHitTemplateId:928390850;","3600","604800","Fri Jul 16 16:20:34 PDT 2021","","","3HMIGG0U4L7DQ25MXIUQ76E79YP8YO","A2BZY06YRWGEDL","Submitted","Wed Jul 14 16:21:21 PDT 2021","Wed Jul 14 16:23:27 PDT 2021","Wed Jul 21 16:23:27 PDT 2021","","","","126","0% (0/0)","0% (0/0)","0% (0/0)","Have a session rn to discuss the judgement by Kafka, why am I sad about it I love talking prose","Unkown"
"3VIVIU06FKD4Y7URXZD51GPR7PRIMS","3KTAGXQO2Y6E2JXCGR52M7DZ3PKKGH","Are these tweets related to Franz Kafka the author or Apache Kafka the open source software system?","Tweet classification","twitter, classification, kafka","$0.05","Wed Jul 14 16:20:34 PDT 2021","1","BatchId:4504335;OriginalHitTemplateId:928390850;","3600","604800","Fri Jul 16 16:20:34 PDT 2021","","","3YHH42UU5BGB8ETKJZSLKJ6THL9L0M","A2BZY06YRWGEDL","Submitted","Wed Jul 14 16:21:19 PDT 2021","Wed Jul 14 16:23:13 PDT 2021","Wed Jul 21 16:23:13 PDT 2021","","","","114","0% (0/0)","0% (0/0)","0% (0/0)","HIRING: Data Engineer / Asia - https://t.co/9cz19oqKsW #AI #MachineLearning #DataJobs #Jobsearch #MLjobs #bigdata #DataScience #AIjobs #Recruiting #techjobs #TechTalent #hiringnow #Airflow #Hadoop #Java #Kafka #Spark","Unkown"
"3N3WJQXELSRGH4Y48KRYEN3LIO4L2I","3KTAGXQO2Y6E2JXCGR52M7DZ3PKKGH","Are these tweets related to Franz Kafka the author or Apache Kafka the open source software system?","Tweet classification","twitter, classification, kafka","$0.05","Wed Jul 14 16:20:34 PDT 2021","1","BatchId:4504335;OriginalHitTemplateId:928390850;","3600","604800","Fri Jul 16 16:20:34 PDT 2021","","","3WOKGM4L71HJEZWHWR8DC0ANCQE0OI","A1IHI23KH87K5W","Submitted","Wed Jul 14 16:21:10 PDT 2021","Wed Jul 14 16:22:20 PDT 2021","Wed Jul 21 16:22:20 PDT 2021","","","","70","0% (0/0)","0% (0/0)","0% (0/0)","RT @gunnarmorling: A bit late to the party, but the @apicurio Registry 2.0 release is just too good to not share it: new #Kafka SerDes, aut…","Apache Kafka"
"3J94SKDEKIQPIPTZDMV8THYSTPTD5V","3KTAGXQO2Y6E2JXCGR52M7DZ3PKKGH","Are these tweets related to Franz Kafka the author or Apache Kafka the open source software system?","Tweet classification","twitter, classification, kafka","$0.05","Wed Jul 14 16:20:34 PDT 2021","1","BatchId:4504335;OriginalHitTemplateId:928390850;","3600","604800","Fri Jul 16 16:20:34 PDT 2021","","","3OSWBBLG1EY07SB39UJ4AKLZIJSDXT","A1IHI23KH87K5W","Submitted","Wed Jul 14 16:21:15 PDT 2021","Wed Jul 14 16:23:04 PDT 2021","Wed Jul 21 16:23:04 PDT 2021","","","","109","0% (0/0)","0% (0/0)","0% (0/0)","RT @Siir_Sokaktadir: ""Her düşlediğini yapamıyor insan, her düş çiçek açmıyor.""  Franz Kafka","Franz Kafka"
"3MQY1YVHS3L44VCSH7240K7G6UQB2L","3KTAGXQO2Y6E2JXCGR52M7DZ3PKKGH","Are these tweets related to Franz Kafka the author or Apache Kafka the open source software system?","Tweet classification","twitter, classification, kafka","$0.05","Wed Jul 14 16:20:34 PDT 2021","1","BatchId:4504335;OriginalHitTemplateId:928390850;","3600","604800","Fri Jul 16 16:20:34 PDT 2021","","","3FIUS151DV3SXQQ4MAK8SJO1SLCGGE","A2BZY06YRWGEDL","Submitted","Wed Jul 14 16:21:22 PDT 2021","Wed Jul 14 16:23:39 PDT 2021","Wed Jul 21 16:23:39 PDT 2021","","","","137","0% (0/0)","0% (0/0)","0% (0/0)","HIRING: Machine Learning Engineer / London - https://t.co/Xnru2gbZSe #AI #MachineLearning #DataJobs #Jobsearch #MLjobs #bigdata #DataScience #AIjobs #Recruiting #techjobs #TechTalent #hiringnow #AWS #Airflow #ETL #Hadoop #Kafka #Python #SQL #Spark","Unkown"
"37SOB9Z0SSY52MUNCK53XX8DO24L3T","3KTAGXQO2Y6E2JXCGR52M7DZ3PKKGH","Are these tweets related to Franz Kafka the author or Apache Kafka the open source software system?","Tweet classification","twitter, classification, kafka","$0.05","Wed Jul 14 16:20:34 PDT 2021","1","BatchId:4504335;OriginalHitTemplateId:928390850;","3600","604800","Fri Jul 16 16:20:34 PDT 2021","","","3E47SOBEYQXTC5GUACOSN4G296CICY","A2BZY06YRWGEDL","Submitted","Wed Jul 14 16:21:23 PDT 2021","Wed Jul 14 16:23:45 PDT 2021","Wed Jul 21 16:23:45 PDT 2021","","","","142","0% (0/0)","0% (0/0)","0% (0/0)","RT @ai_jobsNET: HIRING: Machine Learning Engineer / London - https://t.co/Xnru2gbZSe #AI #MachineLearning #DataJobs #Jobsearch #MLjobs #big…","Unkown"
"3PCPFX4U40RB9VQTOKE1FSW41YWFQL","3KTAGXQO2Y6E2JXCGR52M7DZ3PKKGH","Are these tweets related to Franz Kafka the author or Apache Kafka the open source software system?","Tweet classification","twitter, classification, kafka","$0.05","Wed Jul 14 16:20:34 PDT 2021","1","BatchId:4504335;OriginalHitTemplateId:928390850;","3600","604800","Fri Jul 16 16:20:34 PDT 2021","","","3VP0C6EFSGXQS7XKL09HTXV9UTL6MA","A2BZY06YRWGEDL","Submitted","Wed Jul 14 16:21:19 PDT 2021","Wed Jul 14 16:23:02 PDT 2021","Wed Jul 21 16:23:02 PDT 2021","","","","103","0% (0/0)","0% (0/0)","0% (0/0)","RT @asklakalanlar: ""Her düşlediğini yapamıyor insan, her düş çiçek açmıyor.""  Franz Kafka","Franz Kafka"
"3WKGUBL7SZNQKIDRCYAM720J220L4E","3KTAGXQO2Y6E2JXCGR52M7DZ3PKKGH","Are these tweets related to Franz Kafka the author or Apache Kafka the open source software system?","Tweet classification","twitter, classification, kafka","$0.05","Wed Jul 14 16:20:34 PDT 2021","1","BatchId:4504335;OriginalHitTemplateId:928390850;","3600","604800","Fri Jul 16 16:20:34 PDT 2021","","","32SVAV9L3FAQTN1D5VLED3OPQLU3AH","A37APUTJ10ZETN","Submitted","Wed Jul 14 16:21:20 PDT 2021","Wed Jul 14 16:21:32 PDT 2021","Wed Jul 21 16:21:32 PDT 2021","","","","12","0% (0/0)","0% (0/0)","0% (0/0)","RT @ai_jobsNET: HIRING: Machine Learning Engineer / London - https://t.co/Xnru2gbZSe #AI #MachineLearning #DataJobs #Jobsearch #MLjobs #big…","Apache Kafka"
"30QQTY5GMKLQMVI4NA0U11GC6VJ7UE","3KTAGXQO2Y6E2JXCGR52M7DZ3PKKGH","Are these tweets related to Franz Kafka the author or Apache Kafka the open source software system?","Tweet classification","twitter, classification, kafka","$0.05","Wed Jul 14 16:20:34 PDT 2021","1","BatchId:4504335;OriginalHitTemplateId:928390850;","3600","604800","Fri Jul 16 16:20:34 PDT 2021","","","3OVHNO1VE62PCNBIAC7P751AQJQDZQ","A1E77HZO63E334","Submitted","Wed Jul 14 16:21:16 PDT 2021","Wed Jul 14 16:22:28 PDT 2021","Wed Jul 21 16:22:28 PDT 2021","","","","72","0% (0/0)","0% (0/0)","0% (0/0)","@centraal_beheer ik heb even met #apeldoorn gebeld en 1 uur en 7 minuten #kafka mogen aanschouwen. Waarheen kan ik mijn verhaal sturen ‘ter leering ende vermaeck?’ U mag het verder gratis gebruiken voor interne training en ik ben niet teruggebeld vandaar de tweet #thesystemsaysno","Apache Kafka"
"3XEDXEGFX3PY1OD88XBJGZXRWQF0KA","3KTAGXQO2Y6E2JXCGR52M7DZ3PKKGH","Are these tweets related to Franz Kafka the author or Apache Kafka the open source software system?","Tweet classification","twitter, classification, kafka","$0.05","Wed Jul 14 16:20:34 PDT 2021","1","BatchId:4504335;OriginalHitTemplateId:928390850;","3600","604800","Fri Jul 16 16:20:34 PDT 2021","","","3R0T90IZ1SDFGEAZKOOP2S3MUTKGC4","A1IHI23KH87K5W","Submitted","Wed Jul 14 16:21:14 PDT 2021","Wed Jul 14 16:22:58 PDT 2021","Wed Jul 21 16:22:58 PDT 2021","","","","104","0% (0/0)","0% (0/0)","0% (0/0)","RT @Siir_Sokaktadir: ""Her düşlediğini yapamıyor insan, her düş çiçek açmıyor.""  Franz Kafka","Franz Kafka"
"3BS6ERDL938L1TTDI55DLNCSPK4D6B","3KTAGXQO2Y6E2JXCGR52M7DZ3PKKGH","Are these tweets related to Franz Kafka the author or Apache Kafka the open source software system?","Tweet classification","twitter, classification, kafka","$0.05","Wed Jul 14 16:20:34 PDT 2021","1","BatchId:4504335;OriginalHitTemplateId:928390850;","3600","604800","Fri Jul 16 16:20:34 PDT 2021","","","33FBRBDW6O00NZ4H1QC1AFMO6A78CG","A1IHI23KH87K5W","Submitted","Wed Jul 14 16:20:56 PDT 2021","Wed Jul 14 16:21:18 PDT 2021","Wed Jul 21 16:21:18 PDT 2021","","","","22","0% (0/0)","0% (0/0)","0% (0/0)","RT @ai_jobsNET: HIRING: Machine Learning Engineer / London - https://t.co/Xnru2gbZSe #AI #MachineLearning #DataJobs #Jobsearch #MLjobs #big…","Unkown"
"35NNO802AVXAGPFR90S5EVERCF1INS","3KTAGXQO2Y6E2JXCGR52M7DZ3PKKGH","Are these tweets related to Franz Kafka the author or Apache Kafka the open source software system?","Tweet classification","twitter, classification, kafka","$0.05","Wed Jul 14 16:20:34 PDT 2021","1","BatchId:4504335;OriginalHitTemplateId:928390850;","3600","604800","Fri Jul 16 16:20:34 PDT 2021","","","37FMASSAYCSA20OOWCSXCKAKRLCIBR","A1E77HZO63E334","Submitted","Wed Jul 14 16:21:22 PDT 2021","Wed Jul 14 16:23:29 PDT 2021","Wed Jul 21 16:23:29 PDT 2021","","","","127","0% (0/0)","0% (0/0)","0% (0/0)","@salvameoficial Nuria? Eres tú? La de caza mariposas? Vaya metamorfosis!! Si kafka levantará la cabeza!!","Franz Kafka"
"3KVQ0UJWPXMORVTQUH0YL5ND05Z5WW","3KTAGXQO2Y6E2JXCGR52M7DZ3PKKGH","Are these tweets related to Franz Kafka the author or Apache Kafka the open source software system?","Tweet classification","twitter, classification, kafka","$0.05","Wed Jul 14 16:20:34 PDT 2021","1","BatchId:4504335;OriginalHitTemplateId:928390850;","3600","604800","Fri Jul 16 16:20:34 PDT 2021","","","32M8BPYGATN6THWZCYKBDV1H7Y4GI6","A3O0NNIW4KA2PV","Submitted","Wed Jul 14 16:21:22 PDT 2021","Wed Jul 14 16:23:13 PDT 2021","Wed Jul 21 16:23:13 PDT 2021","","","","111","0% (0/0)","0% (0/0)","0% (0/0)","Los Secretos Revelados de la Espirulina - Apollinaire Dschoutezo. “La literatura es siempre una expedición a la verdad"". Franz Kafka.  https://t.co/iUn16Gv4fu #iTunes #AppStore #Spain","Franz Kafka"
"3BAWBGQGYL0QZA74S0AZXNIVK2S7V3","3KTAGXQO2Y6E2JXCGR52M7DZ3PKKGH","Are these tweets related to Franz Kafka the author or Apache Kafka the open source software system?","Tweet classification","twitter, classification, kafka","$0.05","Wed Jul 14 16:20:34 PDT 2021","1","BatchId:4504335;OriginalHitTemplateId:928390850;","3600","604800","Fri Jul 16 16:20:34 PDT 2021","","","33PPO7FECVG3HXM8A8J37AYKU6OIDY","A1E77HZO63E334","Submitted","Wed Jul 14 16:21:24 PDT 2021","Wed Jul 14 16:23:33 PDT 2021","Wed Jul 21 16:23:33 PDT 2021","","","","129","0% (0/0)","0% (0/0)","0% (0/0)","Me quise enojar…pero me ganó la carcajada! Ni Kafka. https://t.co/MSiMhB83IU","Franz Kafka"
"3OCZWXS7ZO88G1HRQ3TWCU6X2YVL5J","3KTAGXQO2Y6E2JXCGR52M7DZ3PKKGH","Are these tweets related to Franz Kafka the author or Apache Kafka the open source software system?","Tweet classification","twitter, classification, kafka","$0.05","Wed Jul 14 16:20:34 PDT 2021","1","BatchId:4504335;OriginalHitTemplateId:928390850;","3600","604800","Fri Jul 16 16:20:34 PDT 2021","","","308Q0PEVB8ERE79RYSE1LEFU3L9I9H","A1XCX1KI3XRPRZ","Submitted","Wed Jul 14 16:21:37 PDT 2021","Wed Jul 14 16:23:22 PDT 2021","Wed Jul 21 16:23:22 PDT 2021","","","","105","0% (0/0)","0% (0/0)","0% (0/0)","RT @ChetKapoor: Which event streaming platform is right for you? Consider this… compared to Kafka, Apache Pulsar has:  ⭐️35% higher perform…","Apache Kafka"
"3GV1I4SEO9Q4Z5H5VM3140KXYT6L6Z","3KTAGXQO2Y6E2JXCGR52M7DZ3PKKGH","Are these tweets related to Franz Kafka the author or Apache Kafka the open source software system?","Tweet classification","twitter, classification, kafka","$0.05","Wed Jul 14 16:20:35 PDT 2021","1","BatchId:4504335;OriginalHitTemplateId:928390850;","3600","604800","Fri Jul 16 16:20:35 PDT 2021","","","3VAR3R6G1P21WO1KRVLS5FG5VOQ8OD","A3O0NNIW4KA2PV","Submitted","Wed Jul 14 16:21:13 PDT 2021","Wed Jul 14 16:22:43 PDT 2021","Wed Jul 21 16:22:43 PDT 2021","","","","90","0% (0/0)","0% (0/0)","0% (0/0)","RT @schneidermatic: Apache Pulsar Takes on Apache Kafka with Uniform Architecture, Speed https://t.co/VayY6TW6wh #apachekafka #apachepulsar…","Apache Kafka"
"3QD8LUVX4XZ3GVYG4MWKNO1K9755XP","3KTAGXQO2Y6E2JXCGR52M7DZ3PKKGH","Are these tweets related to Franz Kafka the author or Apache Kafka the open source software system?","Tweet classification","twitter, classification, kafka","$0.05","Wed Jul 14 16:20:35 PDT 2021","1","BatchId:4504335;OriginalHitTemplateId:928390850;","3600","604800","Fri Jul 16 16:20:35 PDT 2021","","","3JZQSN0I3QBMJQU9BQEQAYOPR6CGFF","A1E77HZO63E334","Submitted","Wed Jul 14 16:21:20 PDT 2021","Wed Jul 14 16:22:40 PDT 2021","Wed Jul 21 16:22:40 PDT 2021","","","","80","0% (0/0)","0% (0/0)","0% (0/0)","@Prunel_les2 Aujourd'hui, les enfants, on commencera par un petit Proust et on terminera par un gros Kafka","Franz Kafka"
"33CLA8O0MICBLW5T1Z31KI69XKYFRM","3KTAGXQO2Y6E2JXCGR52M7DZ3PKKGH","Are these tweets related to Franz Kafka the author or Apache Kafka the open source software system?","Tweet classification","twitter, classification, kafka","$0.05","Wed Jul 14 16:20:35 PDT 2021","1","BatchId:4504335;OriginalHitTemplateId:928390850;","3600","604800","Fri Jul 16 16:20:35 PDT 2021","","","3DI28L7YXAFX9X4AYW9HLTZJDGEE1V","A1IHI23KH87K5W","Submitted","Wed Jul 14 16:21:19 PDT 2021","Wed Jul 14 16:23:30 PDT 2021","Wed Jul 21 16:23:30 PDT 2021","","","","131","0% (0/0)","0% (0/0)","0% (0/0)","RT @Siir_Sokaktadir: Söyleyecek çok şey vardı ama söylememeye karar verdim.  Franz Kafka","Franz Kafka"
"3Q2T3FD0ON9P84C8CW6IXAN2O7U3MD","3KTAGXQO2Y6E2JXCGR52M7DZ3PKKGH","Are these tweets related to Franz Kafka the author or Apache Kafka the open source software system?","Tweet classification","twitter, classification, kafka","$0.05","Wed Jul 14 16:20:35 PDT 2021","1","BatchId:4504335;OriginalHitTemplateId:928390850;","3600","604800","Fri Jul 16 16:20:35 PDT 2021","","","31N2WW6R9RRLPEILGB76R4ZGN173FU","A3O0NNIW4KA2PV","Submitted","Wed Jul 14 16:20:59 PDT 2021","Wed Jul 14 16:21:35 PDT 2021","Wed Jul 21 16:21:35 PDT 2021","","","","36","0% (0/0)","0% (0/0)","0% (0/0)","RT @EllenKushner: Clear rundown of @Chase’s war on artists’ SBA EIDL grants:","Unkown"
"32XN26MTXZK9LUVQTXNKVZA6LQK0LD","3KTAGXQO2Y6E2JXCGR52M7DZ3PKKGH","Are these tweets related to Franz Kafka the author or Apache Kafka the open source software system?","Tweet classification","twitter, classification, kafka","$0.05","Wed Jul 14 16:20:35 PDT 2021","1","BatchId:4504335;OriginalHitTemplateId:928390850;","3600","604800","Fri Jul 16 16:20:35 PDT 2021","","","3PDJHANYK5H40TW9U3T41SNDD7M6H1","A1E77HZO63E334","Submitted","Wed Jul 14 16:21:11 PDT 2021","Wed Jul 14 16:22:17 PDT 2021","Wed Jul 21 16:22:17 PDT 2021","","","","66","0% (0/0)","0% (0/0)","0% (0/0)","RT @culturabang: ""Prefiero la calma de la soledad , que la decepción de una mala compañía“.  Franz Kafka","Franz Kafka"
"3AFT28WXLF3SYAF3AFSITKEW2P6IO7","3KTAGXQO2Y6E2JXCGR52M7DZ3PKKGH","Are these tweets related to Franz Kafka the author or Apache Kafka the open source software system?","Tweet classification","twitter, classification, kafka","$0.05","Wed Jul 14 16:20:35 PDT 2021","1","BatchId:4504335;OriginalHitTemplateId:928390850;","3600","604800","Fri Jul 16 16:20:35 PDT 2021","","","3SB4CE2TJVW29L8RPKS2KJDTXGVAXO","A1IHI23KH87K5W","Submitted","Wed Jul 14 16:21:07 PDT 2021","Wed Jul 14 16:21:35 PDT 2021","Wed Jul 21 16:21:35 PDT 2021","","","","28","0% (0/0)","0% (0/0)","0% (0/0)","RT @MaviKar49: ""Ki sen bu isen, Özür dilerim. Bilmeden SEVDİM.."" ... ~Franz Kafka Günaydın  https://t.co/5NMja7DcRy","Franz Kafka"
"36FQTHX3Z3STPD8BL7G9JUC8C8QB3W","3KTAGXQO2Y6E2JXCGR52M7DZ3PKKGH","Are these tweets related to Franz Kafka the author or Apache Kafka the open source software system?","Tweet classification","twitter, classification, kafka","$0.05","Wed Jul 14 16:20:35 PDT 2021","1","BatchId:4504335;OriginalHitTemplateId:928390850;","3600","604800","Fri Jul 16 16:20:35 PDT 2021","","","3SEPORI8WN0REG86Q2GNH4T45GTAZL","A1IHI23KH87K5W","Submitted","Wed Jul 14 16:21:11 PDT 2021","Wed Jul 14 16:22:30 PDT 2021","Wed Jul 21 16:22:30 PDT 2021","","","","79","0% (0/0)","0% (0/0)","0% (0/0)","@redsteeze @ComfortablySmug It’s a Kafka trap. They set it up that way bc they are tyrants and not interested in any honest debate or any thoughts that differ from theirs.","Franz Kafka"
"3QGTX7BCHP3SLQYV54K5K9HVH735ZM","3KTAGXQO2Y6E2JXCGR52M7DZ3PKKGH","Are these tweets related to Franz Kafka the author or Apache Kafka the open source software system?","Tweet classification","twitter, classification, kafka","$0.05","Wed Jul 14 16:20:35 PDT 2021","1","BatchId:4504335;OriginalHitTemplateId:928390850;","3600","604800","Fri Jul 16 16:20:35 PDT 2021","","","3EWIJTFFVO8X28JS2D5H7OG98O8E0S","A2BZY06YRWGEDL","Submitted","Wed Jul 14 16:21:17 PDT 2021","Wed Jul 14 16:21:36 PDT 2021","Wed Jul 21 16:21:36 PDT 2021","","","","19","0% (0/0)","0% (0/0)","0% (0/0)","Kötü, iyiyi tanır ama iyi kötüyü tanımaz.  || Franz Kafka","Franz Kafka"
"3ZXNP4Z39RMN35VAEW8TAEKTT4QL7Y","3KTAGXQO2Y6E2JXCGR52M7DZ3PKKGH","Are these tweets related to Franz Kafka the author or Apache Kafka the open source software system?","Tweet classification","twitter, classification, kafka","$0.05","Wed Jul 14 16:20:35 PDT 2021","1","BatchId:4504335;OriginalHitTemplateId:928390850;","3600","604800","Fri Jul 16 16:20:35 PDT 2021","","","3GNCZX450IOX0C603TILQ6RQVHMAP0","AZS1ZZRYENXVK","Submitted","Wed Jul 14 16:20:58 PDT 2021","Wed Jul 14 16:21:21 PDT 2021","Wed Jul 21 16:21:21 PDT 2021","","","","23","0% (0/0)","0% (0/0)","0% (0/0)","RT @oguzakturk: Boğuştuğum cümleler flood’ı.   “Kafesin biri, bir kuş aramaya çıktı.” Franz Kafka","Franz Kafka"
"338GLSUI43CNMB56GO36ASB5JMHFSA","3KTAGXQO2Y6E2JXCGR52M7DZ3PKKGH","Are these tweets related to Franz Kafka the author or Apache Kafka the open source software system?","Tweet classification","twitter, classification, kafka","$0.05","Wed Jul 14 16:20:35 PDT 2021","1","BatchId:4504335;OriginalHitTemplateId:928390850;","3600","604800","Fri Jul 16 16:20:35 PDT 2021","","","32SCWG5HIH5WDAUXDG19A1P4ZYW6P6","A1E77HZO63E334","Submitted","Wed Jul 14 16:21:21 PDT 2021","Wed Jul 14 16:22:51 PDT 2021","Wed Jul 21 16:22:51 PDT 2021","","","","90","0% (0/0)","0% (0/0)","0% (0/0)","@nurkabadayi aaa bu sey degil mi, KAFKA OKUR","Franz Kafka"
"32L724R85LLAJAR4PF5XIKJMCU2IPO","3KTAGXQO2Y6E2JXCGR52M7DZ3PKKGH","Are these tweets related to Franz Kafka the author or Apache Kafka the open source software system?","Tweet classification","twitter, classification, kafka","$0.05","Wed Jul 14 16:20:35 PDT 2021","1","BatchId:4504335;OriginalHitTemplateId:928390850;","3600","604800","Fri Jul 16 16:20:35 PDT 2021","","","378XPAWRUCE5JQJWQYS1H9QE93RIAW","AZS1ZZRYENXVK","Submitted","Wed Jul 14 16:21:21 PDT 2021","Wed Jul 14 16:21:46 PDT 2021","Wed Jul 21 16:21:46 PDT 2021","","","","25","0% (0/0)","0% (0/0)","0% (0/0)","Her düşlediğini yapamıyor insan, her düş çiçek açmıyor.  Franz Kafka","Franz Kafka"
"3L7SUC0TTUVTRCDBT9OZVCPVLVA0MF","3KTAGXQO2Y6E2JXCGR52M7DZ3PKKGH","Are these tweets related to Franz Kafka the author or Apache Kafka the open source software system?","Tweet classification","twitter, classification, kafka","$0.05","Wed Jul 14 16:20:35 PDT 2021","1","BatchId:4504335;OriginalHitTemplateId:928390850;","3600","604800","Fri Jul 16 16:20:35 PDT 2021","","","35GMH2SV3EII5PBB4Y7SXPCR6ROOES","A2PLPE1TBFDNY3","Submitted","Wed Jul 14 16:23:30 PDT 2021","Wed Jul 14 16:25:21 PDT 2021","Wed Jul 21 16:25:21 PDT 2021","","","","111","0% (0/0)","0% (0/0)","0% (0/0)","RT @Siir_Sokaktadir: ""Her düşlediğini yapamıyor insan, her düş çiçek açmıyor.""  Franz Kafka","Franz Kafka"
"38Z7YZ2SB33VJMSJPSKMIP9WHQOIQF","3KTAGXQO2Y6E2JXCGR52M7DZ3PKKGH","Are these tweets related to Franz Kafka the author or Apache Kafka the open source software system?","Tweet classification","twitter, classification, kafka","$0.05","Wed Jul 14 16:20:35 PDT 2021","1","BatchId:4504335;OriginalHitTemplateId:928390850;","3600","604800","Fri Jul 16 16:20:35 PDT 2021","","","37U1UTWH9VN4T1T0JN2WZALA6BA8RM","A1E77HZO63E334","Submitted","Wed Jul 14 16:21:17 PDT 2021","Wed Jul 14 16:22:20 PDT 2021","Wed Jul 21 16:22:20 PDT 2021","","","","63","0% (0/0)","0% (0/0)","0% (0/0)","RT @lettotal: @Prunel_les2 Aujourd'hui, les enfants, on commencera par un petit Proust et on terminera par un gros Kafka","Apache Kafka"
"3WGZLY9VCHN857C1BK2B518JVFUD8X","3KTAGXQO2Y6E2JXCGR52M7DZ3PKKGH","Are these tweets related to Franz Kafka the author or Apache Kafka the open source software system?","Tweet classification","twitter, classification, kafka","$0.05","Wed Jul 14 16:20:35 PDT 2021","1","BatchId:4504335;OriginalHitTemplateId:928390850;","3600","604800","Fri Jul 16 16:20:35 PDT 2021","","","3II4UPYCOJ8GYVARNGOCGCP6LG5DQW","A2BZY06YRWGEDL","Submitted","Wed Jul 14 16:21:03 PDT 2021","Wed Jul 14 16:22:19 PDT 2021","Wed Jul 21 16:22:19 PDT 2021","","","","76","0% (0/0)","0% (0/0)","0% (0/0)","this friendly lil orange tabby cat showed up at my house. i'm getting kafka on the shore vibes.","Unkown"
"3INZSNUD80R8JCVBGC8P5X3UFLCD9M","3KTAGXQO2Y6E2JXCGR52M7DZ3PKKGH","Are these tweets related to Franz Kafka the author or Apache Kafka the open source software system?","Tweet classification","twitter, classification, kafka","$0.05","Wed Jul 14 16:20:35 PDT 2021","1","BatchId:4504335;OriginalHitTemplateId:928390850;","3600","604800","Fri Jul 16 16:20:35 PDT 2021","","","3137ONMDKG6UDCUDGFUKSG3PF5XGEX","A2G4VLKCRDEAST","Submitted","Wed Jul 14 16:21:24 PDT 2021","Wed Jul 14 16:22:45 PDT 2021","Wed Jul 21 16:22:45 PDT 2021","","","","81","0% (0/0)","0% (0/0)","0% (0/0)","RT @Siir_Sokaktadir: ""Her düşlediğini yapamıyor insan, her düş çiçek açmıyor.""  Franz Kafka","Franz Kafka"
"3VGET1QSZ003EZ79IAFVJP19RBU7WD","3KTAGXQO2Y6E2JXCGR52M7DZ3PKKGH","Are these tweets related to Franz Kafka the author or Apache Kafka the open source software system?","Tweet classification","twitter, classification, kafka","$0.05","Wed Jul 14 16:20:35 PDT 2021","1","BatchId:4504335;OriginalHitTemplateId:928390850;","3600","604800","Fri Jul 16 16:20:35 PDT 2021","","","38JBBYETQOBE1W1TLESJJR6MP0OE48","A1E77HZO63E334","Submitted","Wed Jul 14 16:21:25 PDT 2021","Wed Jul 14 16:23:50 PDT 2021","Wed Jul 21 16:23:50 PDT 2021","","","","145","0% (0/0)","0% (0/0)","0% (0/0)","@TApeyron @sselss_ Selin Ablanın baklava aşkı>Kafka'nın metafor aşkı","Franz Kafka"
"31JUPBOORN5R3J0TO10ZOEGO4OWL8L","3KTAGXQO2Y6E2JXCGR52M7DZ3PKKGH","Are these tweets related to Franz Kafka the author or Apache Kafka the open source software system?","Tweet classification","twitter, classification, kafka","$0.05","Wed Jul 14 16:20:35 PDT 2021","1","BatchId:4504335;OriginalHitTemplateId:928390850;","3600","604800","Fri Jul 16 16:20:35 PDT 2021","","","369J354OFDBQ0X1YAXBMGSBCY79G6C","A3O0NNIW4KA2PV","Submitted","Wed Jul 14 16:20:57 PDT 2021","Wed Jul 14 16:21:21 PDT 2021","Wed Jul 21 16:21:21 PDT 2021","","","","24","0% (0/0)","0% (0/0)","0% (0/0)","Un idiota es un idiota. Dos idiotas son dos idiotas. Pero diez mil idiotas son un partido político Franz Kafka.","Franz Kafka"
"31YWE12TE0DI3ZCZSFBHL8FG0D07X6","3KTAGXQO2Y6E2JXCGR52M7DZ3PKKGH","Are these tweets related to Franz Kafka the author or Apache Kafka the open source software system?","Tweet classification","twitter, classification, kafka","$0.05","Wed Jul 14 16:20:35 PDT 2021","1","BatchId:4504335;OriginalHitTemplateId:928390850;","3600","604800","Fri Jul 16 16:20:35 PDT 2021","","","30BUDKLTXDWWXF5TZJBTOJC0PWJE5D","A3O0NNIW4KA2PV","Submitted","Wed Jul 14 16:21:26 PDT 2021","Wed Jul 14 16:23:24 PDT 2021","Wed Jul 21 16:23:24 PDT 2021","","","","118","0% (0/0)","0% (0/0)","0% (0/0)","This read was magical & practical at the same time ✨","Unkown"
"3V7ICJJAZAHE79RFLLLSTZ4EQ8MB4H","3KTAGXQO2Y6E2JXCGR52M7DZ3PKKGH","Are these tweets related to Franz Kafka the author or Apache Kafka the open source software system?","Tweet classification","twitter, classification, kafka","$0.05","Wed Jul 14 16:20:35 PDT 2021","1","BatchId:4504335;OriginalHitTemplateId:928390850;","3600","604800","Fri Jul 16 16:20:35 PDT 2021","","","3TMFV4NEP8F91XAMIHC2M9TRYQP8WP","A2BZY06YRWGEDL","Submitted","Wed Jul 14 16:21:21 PDT 2021","Wed Jul 14 16:23:31 PDT 2021","Wed Jul 21 16:23:31 PDT 2021","","","","130","0% (0/0)","0% (0/0)","0% (0/0)","RT @AlmanachDuJour: 9 juillet 1912, Franz Kafka : «Rien écrit depuis si longtemps. Commencer demain. Sinon j’arrive dans un irrésistible mé…","Franz Kafka"
"3NI0WFPPI9HR29SJ6THI6GS9VVV60B","3KTAGXQO2Y6E2JXCGR52M7DZ3PKKGH","Are these tweets related to Franz Kafka the author or Apache Kafka the open source software system?","Tweet classification","twitter, classification, kafka","$0.05","Wed Jul 14 16:20:36 PDT 2021","1","BatchId:4504335;OriginalHitTemplateId:928390850;","3600","604800","Fri Jul 16 16:20:36 PDT 2021","","","3NVC2EB65Q0RP5ZGL1ZUGP6WTCX3YR","A2BZY06YRWGEDL","Submitted","Wed Jul 14 16:21:23 PDT 2021","Wed Jul 14 16:23:52 PDT 2021","Wed Jul 21 16:23:52 PDT 2021","","","","149","0% (0/0)","0% (0/0)","0% (0/0)","@PierreCurieD Atria y Grey ;  enseñan a sus alumnos el Marxismo desde el positivismo de Kant .. pasando por Kafka y otros menos relevantes.  Lo demás .. sin Dios tampoco Ley","Unkown"
"3MZ3TAMYTLOVVN7J279MNFJ1DCQIRG","3KTAGXQO2Y6E2JXCGR52M7DZ3PKKGH","Are these tweets related to Franz Kafka the author or Apache Kafka the open source software system?","Tweet classification","twitter, classification, kafka","$0.05","Wed Jul 14 16:20:36 PDT 2021","1","BatchId:4504335;OriginalHitTemplateId:928390850;","3600","604800","Fri Jul 16 16:20:36 PDT 2021","","","33L7PJKHCGZH9G6SNC7RZPMSUW78TZ","A2BZY06YRWGEDL","Submitted","Wed Jul 14 16:21:20 PDT 2021","Wed Jul 14 16:23:21 PDT 2021","Wed Jul 21 16:23:21 PDT 2021","","","","121","0% (0/0)","0% (0/0)","0% (0/0)","RT @rektcapital: #BTC is finding support at its multi-week Higher Low  Needs to continue to hold here but these are positive early signs  $…","Unkown"
"3PN6H8C9R4RMOV5G8IMP1SEEL3UDA1","3KTAGXQO2Y6E2JXCGR52M7DZ3PKKGH","Are these tweets related to Franz Kafka the author or Apache Kafka the open source software system?","Tweet classification","twitter, classification, kafka","$0.05","Wed Jul 14 16:20:36 PDT 2021","1","BatchId:4504335;OriginalHitTemplateId:928390850;","3600","604800","Fri Jul 16 16:20:36 PDT 2021","","","3AAPLD8UCCIA2R7LQG1XC2FRXFXTHZ","A2BZY06YRWGEDL","Submitted","Wed Jul 14 16:22:59 PDT 2021","Wed Jul 14 16:24:40 PDT 2021","Wed Jul 21 16:24:40 PDT 2021","","","","101","0% (0/0)","0% (0/0)","0% (0/0)","RT @SabahatttinAli: Bir noktadan sonra, geri dönüş yok. İşte tam o noktadayız.  Franz Kafka","Franz Kafka"